<?xml version="1.0"?>
<!DOCTYPE hibernate-mapping PUBLIC "-//Hibernate/Hibernate Mapping DTD 3.0//EN"
"http://www.hibernate.org/dtd/hibernate-mapping-3.0.dtd">
<!-- Generated May 7, 2023, 5:56:37 PM by Hibernate Tools 4.3.6.Final -->
<hibernate-mapping>
    <class name="model.Sinhvien" table="sinhvien" catalog="qlsv" optimistic-lock="version">
        <id name="mssv" type="int">
            <column name="mssv" />
            <generator class="assigned" />
        </id>
        <many-to-one name="lop" class="model.Lop" fetch="select">
            <column name="malop" not-null="true" />
        </many-to-one>
        <property name="hoten" type="string">
            <column name="hoten" length="50" />
        </property>
        <property name="dtb" type="java.lang.Double">
            <column name="dtb" precision="22" scale="0" />
        </property>
    </class>
</hibernate-mapping>
