<?xml version="1.0"?>
<!DOCTYPE hibernate-mapping PUBLIC "-//Hibernate/Hibernate Mapping DTD 3.0//EN"
"http://www.hibernate.org/dtd/hibernate-mapping-3.0.dtd">
<!-- Generated May 19, 2023 7:10:35 AM by Hibernate Tools 4.3.5.Final -->
<hibernate-mapping>
    <class name="model.Nhanvien" table="nhanvien" catalog="nhanvien" optimistic-lock="version">
        <id name="id" type="java.lang.Integer">
            <column name="id" />
            <generator class="identity" />
        </id>
        <property name="ten" type="string">
            <column name="ten" length="50" />
        </property>
        <property name="ngaysinh" type="string">
            <column name="ngaysinh" length="50" />
        </property>
        <property name="hesoluong" type="java.lang.Float">
            <column name="hesoluong" precision="12" scale="0" />
        </property>
    </class>
</hibernate-mapping>
