<?xml version="1.0" encoding="UTF-8"?>
<!DOCTYPE hibernate-configuration PUBLIC "-//Hibernate/Hibernate Configuration DTD 3.0//EN"
                                         "http://www.hibernate.org/dtd/hibernate-configuration-3.0.dtd">
<hibernate-configuration>
 <session-factory name="">
  <property name="hibernate.connection.driver_class">com.mysql.jdbc.Driver</property>
  <property name="hibernate.connection.url">jdbc:mysql://localhost:3306/qlsv</property>
  <property name="hibernate.connection.username">root</property>
  <property name="hibernate.hbm2ddl.auto">update</property>
  <mapping resource="model/Lop.hbm.xml"/>
  <mapping resource="model/Sinhvien.hbm.xml"/>
 </session-factory>
</hibernate-configuration>
