<?xml version="1.0"?>
<!DOCTYPE hibernate-mapping PUBLIC "-//Hibernate/Hibernate Mapping DTD 3.0//EN"
"http://www.hibernate.org/dtd/hibernate-mapping-3.0.dtd">
<!-- Generated May 11, 2023 1:43:03 PM by Hibernate Tools 4.3.5.Final -->
<hibernate-mapping>
    <class name="model.Contact" table="contact" catalog="contact" optimistic-lock="version">
        <id name="id" type="java.lang.Integer">
            <column name="id" />
            <generator class="identity" />
        </id>
        <property name="name" type="string">
            <column name="name" length="50" />
        </property>
        <property name="address" type="string">
            <column name="address" length="100" />
        </property>
        <property name="phone" type="string">
            <column name="phone" length="20" />
        </property>
        <property name="email" type="string">
            <column name="email" length="30" />
        </property>
    </class>
</hibernate-mapping>
